Date,Cases,Cases,Cases
2020-01-22 00:00:00+00:00,0,0,2
2020-01-23 00:00:00+00:00,0,0,2
2020-01-24 00:00:00+00:00,0,0,2
2020-01-25 00:00:00+00:00,0,0,2
2020-01-26 00:00:00+00:00,0,0,4
2020-01-27 00:00:00+00:00,0,0,4
2020-01-28 00:00:00+00:00,0,0,7
2020-01-29 00:00:00+00:00,0,0,7
2020-01-30 00:00:00+00:00,0,0,11
2020-01-31 00:00:00+00:00,0,0,15
2020-02-01 00:00:00+00:00,1,0,20
2020-02-02 00:00:00+00:00,1,0,20
2020-02-03 00:00:00+00:00,1,0,20
2020-02-04 00:00:00+00:00,1,0,22
2020-02-05 00:00:00+00:00,1,0,23
2020-02-06 00:00:00+00:00,1,0,23
2020-02-07 00:00:00+00:00,1,0,23
2020-02-08 00:00:00+00:00,1,0,24
2020-02-09 00:00:00+00:00,2,0,24
2020-02-10 00:00:00+00:00,2,0,26
2020-02-11 00:00:00+00:00,2,0,27
2020-02-12 00:00:00+00:00,2,0,28
2020-02-13 00:00:00+00:00,2,0,33
2020-02-14 00:00:00+00:00,2,0,43
2020-02-15 00:00:00+00:00,2,0,54
2020-02-16 00:00:00+00:00,2,0,60
2020-02-17 00:00:00+00:00,2,0,67
2020-02-18 00:00:00+00:00,2,0,79
2020-02-19 00:00:00+00:00,2,0,85
2020-02-20 00:00:00+00:00,2,0,95
2020-02-21 00:00:00+00:00,2,0,112
2020-02-22 00:00:00+00:00,2,0,137
2020-02-23 00:00:00+00:00,2,0,149
2020-02-24 00:00:00+00:00,2,0,160
2020-02-25 00:00:00+00:00,6,0,173
2020-02-26 00:00:00+00:00,13,0,192
2020-02-27 00:00:00+00:00,15,0,218
2020-02-28 00:00:00+00:00,32,0,236
2020-02-29 00:00:00+00:00,45,0,245
2020-03-01 00:00:00+00:00,84,0,259
2020-03-02 00:00:00+00:00,120,0,278
2020-03-03 00:00:00+00:00,165,0,298
2020-03-04 00:00:00+00:00,222,0,333
2020-03-05 00:00:00+00:00,259,0,365
2020-03-06 00:00:00+00:00,400,1,420
2020-03-07 00:00:00+00:00,500,1,466
2020-03-08 00:00:00+00:00,673,1,499
2020-03-09 00:00:00+00:00,1073,1,527
2020-03-10 00:00:00+00:00,1695,3,585
2020-03-11 00:00:00+00:00,2277,9,640
2020-03-12 00:00:00+00:00,2277,9,696
2020-03-13 00:00:00+00:00,5232,13,733
2020-03-14 00:00:00+00:00,6391,22,795
2020-03-15 00:00:00+00:00,7798,34,826
2020-03-16 00:00:00+00:00,9942,57,843
2020-03-17 00:00:00+00:00,11748,75,893
2020-03-18 00:00:00+00:00,13910,102,928
2020-03-19 00:00:00+00:00,17963,108,968
2020-03-20 00:00:00+00:00,20410,158,1022
2020-03-21 00:00:00+00:00,25374,196,1059
2020-03-22 00:00:00+00:00,28768,231,1104
2020-03-23 00:00:00+00:00,35136,277,1144
2020-03-24 00:00:00+00:00,39885,378,1217
2020-03-25 00:00:00+00:00,49515,470,1314
2020-03-26 00:00:00+00:00,57786,491,1416
2020-03-27 00:00:00+00:00,65719,539,1530
2020-03-28 00:00:00+00:00,73235,608,1728
2020-03-29 00:00:00+00:00,80110,702,1907
2020-03-30 00:00:00+00:00,87956,798,2001
2020-03-31 00:00:00+00:00,95923,906,2255
2020-04-01 00:00:00+00:00,104118,1065,2535
2020-04-02 00:00:00+00:00,112065,1161,2818
2020-04-03 00:00:00+00:00,119199,1267,3154
2020-04-04 00:00:00+00:00,126168,1406,3525
2020-04-05 00:00:00+00:00,131646,1485,3876
2020-04-06 00:00:00+00:00,136675,1579,4110
2020-04-07 00:00:00+00:00,141942,1780,4485
2020-04-08 00:00:00+00:00,148220,2054,5020
2020-04-09 00:00:00+00:00,153222,2223,5614
2020-04-10 00:00:00+00:00,158273,2473,6250
2020-04-11 00:00:00+00:00,163027,2709,6951
2020-04-12 00:00:00+00:00,166831,2776,7473
2020-04-13 00:00:00+00:00,170099,2852,7773
2020-04-14 00:00:00+00:00,172541,2979,8277
2020-04-15 00:00:00+00:00,177644,3105,8835
2020-04-16 00:00:00+00:00,184948,3233,9398
2020-04-17 00:00:00+00:00,190839,3439,9958
2020-04-18 00:00:00+00:00,191726,3621,10548
2020-04-19 00:00:00+00:00,198674,3792,10914
2020-04-20 00:00:00+00:00,200210,3977,11258
2020-04-21 00:00:00+00:00,204178,4149,11641
2020-04-22 00:00:00+00:00,208389,4356,12037
2020-04-23 00:00:00+00:00,213024,4561,12469
2020-04-24 00:00:00+00:00,202990,4881,12854
2020-04-25 00:00:00+00:00,205905,5142,13186
2020-04-26 00:00:00+00:00,207634,5379,13405
2020-04-27 00:00:00+00:00,209465,5597,13576
2020-04-28 00:00:00+00:00,210773,5949,13860
2020-04-29 00:00:00+00:00,212917,6207,14076
2020-04-30 00:00:00+00:00,213435,6507,14284
2020-05-01 00:00:00+00:00,215216,7006,14558
2020-05-02 00:00:00+00:00,216582,7285,14861
2020-05-03 00:00:00+00:00,217466,7668,15061
2020-05-04 00:00:00+00:00,218011,7973,15229
2020-05-05 00:00:00+00:00,219329,8613,15354
2020-05-06 00:00:00+00:00,220325,8959,15455
2020-05-07 00:00:00+00:00,221447,9456,15553
2020-05-08 00:00:00+00:00,222857,10051,15640
2020-05-09 00:00:00+00:00,223578,10495,15755
2020-05-10 00:00:00+00:00,224350,11063,15824
2020-05-11 00:00:00+00:00,227436,11613,15861
2020-05-12 00:00:00+00:00,228030,12272,15948
2020-05-13 00:00:00+00:00,228691,12930,15998
2020-05-14 00:00:00+00:00,229540,13610,16096
2020-05-15 00:00:00+00:00,230183,14216,16148
2020-05-16 00:00:00+00:00,230698,14939,16202
2020-05-17 00:00:00+00:00,230698,15574,16226
2020-05-18 00:00:00+00:00,231606,16295,16259
2020-05-19 00:00:00+00:00,232037,16935,16287
2020-05-20 00:00:00+00:00,232555,17687,16321
2020-05-21 00:00:00+00:00,233037,18330,16362
2020-05-22 00:00:00+00:00,234824,19131,16385
2020-05-23 00:00:00+00:00,235290,20177,16410
2020-05-24 00:00:00+00:00,235772,21175,16451
2020-05-25 00:00:00+00:00,235400,21981,16472
2020-05-26 00:00:00+00:00,236259,23003,16502
2020-05-27 00:00:00+00:00,236259,24104,16528
2020-05-28 00:00:00+00:00,237906,25366,16588
2020-05-29 00:00:00+00:00,238564,26688,16661
2020-05-30 00:00:00+00:00,239228,28236,16706
2020-05-31 00:00:00+00:00,239479,29383,16741
2020-06-01 00:00:00+00:00,239638,30493,16778
2020-06-02 00:00:00+00:00,239932,31833,16829
2020-06-03 00:00:00+00:00,240326,33354,16858
2020-06-04 00:00:00+00:00,240660,35120,16902
2020-06-05 00:00:00+00:00,240978,36635,16949
2020-06-06 00:00:00+00:00,241310,38027,16995
2020-06-07 00:00:00+00:00,241550,39236,17033
2020-06-08 00:00:00+00:00,241717,40719,17054
2020-06-09 00:00:00+00:00,241966,42078,17099
2020-06-10 00:00:00+00:00,242280,43682,17135
2020-06-11 00:00:00+00:00,242707,45212,17179
2020-06-12 00:00:00+00:00,243209,46858,17240
2020-06-13 00:00:00+00:00,243605,48746,17285
2020-06-14 00:00:00+00:00,243928,50939,17360
2020-06-15 00:00:00+00:00,244109,53063,17432
2020-06-16 00:00:00+00:00,244328,54931,17474
2020-06-17 00:00:00+00:00,244683,57046,17520
2020-06-18 00:00:00+00:00,245268,60217,17589
2020-06-19 00:00:00+00:00,245575,63276,17650
2020-06-20 00:00:00+00:00,245938,65633,17714
2020-06-21 00:00:00+00:00,246272,68652,17769
2020-06-22 00:00:00+00:00,246504,71183,17812
2020-06-23 00:00:00+00:00,246752,73572,17869
2020-06-24 00:00:00+00:00,247086,77113,17965
2020-06-25 00:00:00+00:00,247486,80599,18047
2020-06-26 00:00:00+00:00,247905,84442,18152
2020-06-27 00:00:00+00:00,248469,88591,18244
2020-06-28 00:00:00+00:00,248770,91769,18357
2020-06-29 00:00:00+00:00,248970,95043,18467
2020-06-30 00:00:00+00:00,249271,97846,18605
2020-07-01 00:00:00+00:00,249659,102009,18732
2020-07-02 00:00:00+00:00,250103,106110,18926
2020-07-03 00:00:00+00:00,250545,109505,19176
2020-07-04 00:00:00+00:00,250545,113389,19450
2020-07-05 00:00:00+00:00,250545,117110,19658
2020-07-06 00:00:00+00:00,251789,120281,19834
2020-07-07 00:00:00+00:00,252130,124494,20042
2020-07-08 00:00:00+00:00,252513,128638,20249
2020-07-09 00:00:00+00:00,253056,133973,20604
2020-07-10 00:00:00+00:00,253908,140776,21034
2020-07-11 00:00:00+00:00,253908,145632,21420
2020-07-12 00:00:00+00:00,253908,150445,21827
2020-07-13 00:00:00+00:00,255953,154277,22086
2020-07-14 00:00:00+00:00,256619,159898,22419
2020-07-15 00:00:00+00:00,257494,165169,22869
2020-07-16 00:00:00+00:00,258855,173206,23493
2020-07-17 00:00:00+00:00,260255,182140,24090
2020-07-18 00:00:00+00:00,260255,190700,24751
2020-07-19 00:00:00+00:00,260255,197278,25262
2020-07-20 00:00:00+00:00,264836,204005,25680
2020-07-21 00:00:00+00:00,266194,211038,26312
2020-07-22 00:00:00+00:00,267551,218428,27107
2020-07-23 00:00:00+00:00,270166,226373,28088
2020-07-24 00:00:00+00:00,272421,233541,28867
2020-07-25 00:00:00+00:00,272421,240795,29668
2020-07-26 00:00:00+00:00,272421,248976,30507
2020-07-27 00:00:00+00:00,278782,257101,31107
2020-07-28 00:00:00+00:00,280610,267385,32092
2020-07-29 00:00:00+00:00,282641,276055,33362
2020-07-30 00:00:00+00:00,285430,286020,34670
2020-07-31 00:00:00+00:00,288522,295508,36256
2020-08-01 00:00:00+00:00,288522,306181,37790
2020-08-02 00:00:00+00:00,288522,317651,39121
2020-08-03 00:00:00+00:00,297054,327850,40086
2020-08-04 00:00:00+00:00,302814,334979,41332
2020-08-05 00:00:00+00:00,305767,345714,42687
2020-08-06 00:00:00+00:00,309855,357710,44172
2020-08-07 00:00:00+00:00,314362,367204,45777
2020-08-08 00:00:00+00:00,314362,376870,47348
2020-08-09 00:00:00+00:00,314362,387481,48789
2020-08-10 00:00:00+00:00,322980,397623,49627
2020-08-11 00:00:00+00:00,326612,410453,50324
2020-08-12 00:00:00+00:00,329784,422519,51303
2020-08-13 00:00:00+00:00,337334,433805,52475
2020-08-14 00:00:00+00:00,342813,445111,53831
2020-08-15 00:00:00+00:00,342813,456689,55062
2020-08-16 00:00:00+00:00,342813,468332,56079
2020-08-17 00:00:00+00:00,359082,476660,56726
2020-08-18 00:00:00+00:00,364196,489122,57642
2020-08-19 00:00:00+00:00,370867,502178,58712
2020-08-20 00:00:00+00:00,377906,513719,59890
2020-08-21 00:00:00+00:00,386054,522138,60927
2020-08-22 00:00:00+00:00,386054,533103,61911
2020-08-23 00:00:00+00:00,386054,541139,62655
2020-08-24 00:00:00+00:00,405436,551688,63148
2020-08-25 00:00:00+00:00,412553,562113,63863
2020-08-26 00:00:00+00:00,419849,572243,64766
2020-08-27 00:00:00+00:00,429507,581995,65629
2020-08-28 00:00:00+00:00,439286,590492,66505
2020-08-29 00:00:00+00:00,439286,599884,67349
2020-08-30 00:00:00+00:00,439286,607904,67949
2020-08-31 00:00:00+00:00,462858,615094,68385
2020-09-01 00:00:00+00:00,470973,624026,69018
2020-09-02 00:00:00+00:00,479554,633321,69610
2020-09-03 00:00:00+00:00,488513,641574,70267
2020-09-04 00:00:00+00:00,498989,650063,70854
2020-09-05 00:00:00+00:00,498989,658456,71452
2020-09-06 00:00:00+00:00,498989,666521,71903
2020-09-07 00:00:00+00:00,525549,671848,72194
2020-09-08 00:00:00+00:00,534513,679513,72703
2020-09-09 00:00:00+00:00,543379,686851,73211
2020-09-10 00:00:00+00:00,554143,694664,73923
2020-09-11 00:00:00+00:00,566326,702088,74565
2020-09-12 00:00:00+00:00,566326,708964,75211
2020-09-13 00:00:00+00:00,566326,716319,75650
2020-09-14 00:00:00+00:00,593730,721892,75916
2020-09-15 00:00:00+00:00,603167,728590,76447
2020-09-16 00:00:00+00:00,614360,736377,76998
2020-09-17 00:00:00+00:00,625651,743945,77487
2020-09-18 00:00:00+00:00,640040,750471,78059
2020-09-19 00:00:00+00:00,640040,758398,78655
2020-09-20 00:00:00+00:00,640040,765076,79135
2020-09-21 00:00:00+00:00,671468,770435,79445
2020-09-22 00:00:00+00:00,682267,777537,79776
2020-09-23 00:00:00+00:00,693556,784268,79995
2020-09-24 00:00:00+00:00,704209,790823,80477
2020-09-25 00:00:00+00:00,716481,798317,81050
2020-09-26 00:00:00+00:00,716481,806038,81689
2020-09-27 00:00:00+00:00,716481,813056,82174
2020-09-28 00:00:00+00:00,748266,818203,82476
2020-09-29 00:00:00+00:00,748266,824042,83003
2020-09-30 00:00:00+00:00,769188,829679,83579
2020-10-01 00:00:00+00:00,778607,835339,84212
2020-10-02 00:00:00+00:00,789932,841532,84754
2020-10-03 00:00:00+00:00,789932,848147,85328
2020-10-04 00:00:00+00:00,789932,855052,85728
2020-10-05 00:00:00+00:00,813412,862158,86007
2020-10-06 00:00:00+00:00,825410,869808,86507
2020-10-07 00:00:00+00:00,835901,877684,87013
2020-10-08 00:00:00+00:00,848324,886179,87640
2020-10-09 00:00:00+00:00,861112,894300,88243
2020-10-10 00:00:00+00:00,861112,902747,88921
2020-10-11 00:00:00+00:00,861112,911316,89357
2020-10-12 00:00:00+00:00,888968,919084,89635
2020-10-13 00:00:00+00:00,896086,924098,90133
2020-10-14 00:00:00+00:00,908056,930159,90685
2020-10-15 00:00:00+00:00,921374,936982,91393
2020-10-16 00:00:00+00:00,936560,945354,92032
2020-10-17 00:00:00+00:00,936560,952371,92655
2020-10-18 00:00:00+00:00,936560,959572,93085
2020-10-19 00:00:00+00:00,974449,965883,93401
2020-10-20 00:00:00+00:00,988322,974139,93882
2020-10-21 00:00:00+00:00,1005295,981700,94497
2020-10-22 00:00:00+00:00,1026281,990373,95113
2020-10-23 00:00:00+00:00,1046132,998942,95858
2020-10-24 00:00:00+00:00,1046132,1007711,96584
2020-10-25 00:00:00+00:00,1046132,1015885,97077
2020-10-26 00:00:00+00:00,1098320,1025052,97487
2020-10-27 00:00:00+00:00,1116738,1033218,98133
2020-10-28 00:00:00+00:00,1136503,1041935,98864
2020-10-29 00:00:00+00:00,1160083,1053122,99672
2020-10-30 00:00:00+00:00,1185678,1063151,100446
2020-10-31 00:00:00+00:00,1185678,1074184,101323
2020-11-01 00:00:00+00:00,1185678,1083321,101936
2020-11-02 00:00:00+00:00,1240697,1093256,102423
2020-11-03 00:00:00+00:00,1259366,1099392,103288
2020-11-04 00:00:00+00:00,1284408,1108086,103912
2020-11-05 00:00:00+00:00,1306316,1117977,104960
2020-11-06 00:00:00+00:00,1328832,1127733,106103
2020-11-07 00:00:00+00:00,1328832,1136447,107436
2020-11-08 00:00:00+00:00,1328832,1143887,108386
2020-11-09 00:00:00+00:00,1381218,1149064,109166
2020-11-10 00:00:00+00:00,1381218,1155356,110449
2020-11-11 00:00:00+00:00,1417709,1165326,111993
2020-11-12 00:00:00+00:00,1437220,1174012,113652
2020-11-13 00:00:00+00:00,1458591,1182697,115356
2020-11-14 00:00:00+00:00,1458591,1191634,117091
2020-11-15 00:00:00+00:00,1458591,1198746,118530
2020-11-16 00:00:00+00:00,1496864,1205217,119480
2020-11-17 00:00:00+00:00,1510023,1211128,121180
2020-11-18 00:00:00+00:00,1525341,1218003,123374
2020-11-19 00:00:00+00:00,1541574,1225490,125759
2020-11-20 00:00:00+00:00,1556730,1233444,128180
2020-11-21 00:00:00+00:00,1556730,1240493,130772
2020-11-22 00:00:00+00:00,1556730,1248417,132931
2020-11-23 00:00:00+00:00,1582616,1254979,134449
2020-11-24 00:00:00+00:00,1594844,1262494,135678
2020-11-25 00:00:00+00:00,1605066,1270991,137620
2020-11-26 00:00:00+00:00,1617355,1280487,140120
2020-11-27 00:00:00+00:00,1628208,1290510,142651
2020-11-28 00:00:00+00:00,1628208,1299613,145326
2020-11-29 00:00:00+00:00,1628208,1308376,147388
2020-11-30 00:00:00+00:00,1648187,1316806,148824
2020-12-01 00:00:00+00:00,1656444,1324792,150857
2020-12-02 00:00:00+00:00,1665775,1334089,153289
2020-12-03 00:00:00+00:00,1675902,1343322,155806
2020-12-04 00:00:00+00:00,1684647,1352607,158258
2020-12-05 00:00:00+00:00,1684647,1362249,160766
2020-12-06 00:00:00+00:00,1684647,1371103,162804
2020-12-07 00:00:00+00:00,1702328,1377100,164335
2020-12-08 00:00:00+00:00,1702328,1384610,166511
2020-12-09 00:00:00+00:00,1712101,1392133,169321
2020-12-10 00:00:00+00:00,1720056,1399911,172290
2020-12-11 00:00:00+00:00,1730575,1408909,175085
2020-12-12 00:00:00+00:00,1730575,1417072,178122
2020-12-13 00:00:00+00:00,1730575,1425774,180505
2020-12-14 00:00:00+00:00,1751884,1434516,182186
2020-12-15 00:00:00+00:00,1762212,1444646,184612
2020-12-16 00:00:00+00:00,1773290,1456599,187608
2020-12-17 00:00:00+00:00,1785421,1468795,190817
2020-12-18 00:00:00+00:00,1797236,1482072,193654
2020-12-19 00:00:00+00:00,1797236,1496062,196643
2020-12-20 00:00:00+00:00,1797236,1507222,199134
2020-12-21 00:00:00+00:00,1819249,1518067,200945
2020-12-22 00:00:00+00:00,1829903,1530593,203639
2020-12-23 00:00:00+00:00,1842289,1544826,206915
2020-12-24 00:00:00+00:00,1854951,1559766,210661
2020-12-25 00:00:00+00:00,1854951,1574707,214493
2020-12-26 00:00:00+00:00,1854951,1584903,218378
2020-12-27 00:00:00+00:00,1854951,1594497,221322
2020-12-28 00:00:00+00:00,1879413,1603807,223719
2020-12-29 00:00:00+00:00,1893502,1614822,227346
2020-12-30 00:00:00+00:00,1910218,1626461,231217
2020-12-31 00:00:00+00:00,1928265,1642775,235749
2021-01-01 00:00:00+00:00,1928265,1654880,239005
2021-01-02 00:00:00+00:00,1928265,1666408,242076
2021-01-03 00:00:00+00:00,1928265,1675820,245242
2021-01-04 00:00:00+00:00,1958844,1686131,248585
2021-01-05 00:00:00+00:00,1982544,1702966,253534
2021-01-06 00:00:00+00:00,1982544,1719771,259583
2021-01-07 00:00:00+00:00,2024904,1737347,267225
2021-01-08 00:00:00+00:00,2050360,1755568,275182
2021-01-09 00:00:00+00:00,2050360,1771363,283036
2021-01-10 00:00:00+00:00,2050360,1786900,289144
2021-01-11 00:00:00+00:00,2111782,1801903,294050
2021-01-12 00:00:00+00:00,2137220,1816082,298647
2021-01-13 00:00:00+00:00,2176089,1831980,304564
2021-01-14 00:00:00+00:00,2211967,1849101,311220
2021-01-15 00:00:00+00:00,2252164,1870179,318393
2021-01-16 00:00:00+00:00,2252164,1891034,325435
2021-01-17 00:00:00+00:00,2252164,1908413,331195
2021-01-18 00:00:00+00:00,2336451,1923132,336132
2021-01-19 00:00:00+00:00,2370742,1939071,341467
2021-01-20 00:00:00+00:00,2412318,1956979,347029
2021-01-21 00:00:00+00:00,2456675,1972345,352693
2021-01-22 00:00:00+00:00,2499560,1987418,357750
2021-01-23 00:00:00+00:00,2499560,2002969,362476
2021-01-24 00:00:00+00:00,2499560,2015485,366466
2021-01-25 00:00:00+00:00,2593382,2027746,369229
2021-01-26 00:00:00+00:00,2629817,2041352,373082
2021-01-27 00:00:00+00:00,2670102,2055305,377056
2021-01-28 00:00:00+00:00,2705001,2067575,381187
2021-01-29 00:00:00+00:00,2743119,2077633,384725
2021-01-30 00:00:00+00:00,2743119,2086806,388067
2021-01-31 00:00:00+00:00,2743119,2094884,390740
2021-02-01 00:00:00+00:00,2822805,2104506,392533
2021-02-02 00:00:00+00:00,2851869,2114597,394857
2021-02-03 00:00:00+00:00,2883465,2125622,397491
2021-02-04 00:00:00+00:00,2913425,2135412,400069
2021-02-05 00:00:00+00:00,2941990,2142660,402439
2021-02-06 00:00:00+00:00,2941990,2151207,404716
2021-02-07 00:00:00+00:00,2941990,2157216,406346
2021-02-08 00:00:00+00:00,2989085,2161462,407563
2021-02-09 00:00:00+00:00,3005487,2166904,409131
2021-02-10 00:00:00+00:00,3023601,2173347,411017
2021-02-11 00:00:00+00:00,3041454,2179641,412707
2021-02-12 00:00:00+00:00,3056035,2185169,414007
2021-02-13 00:00:00+00:00,3056035,2190116,415367
2021-02-14 00:00:00+00:00,3056035,2195039,416729
2021-02-15 00:00:00+00:00,3086286,2198549,417694
2021-02-16 00:00:00+00:00,3096343,2202598,419002
2021-02-17 00:00:00+00:00,3107172,2207701,420450
2021-02-18 00:00:00+00:00,3121687,2212525,421986
2021-02-19 00:00:00+00:00,3133122,2217001,423287
2021-02-20 00:00:00+00:00,3133122,2222018,424520
2021-02-21 00:00:00+00:00,3133122,2226262,425552
2021-02-22 00:00:00+00:00,3153971,2229663,426292
2021-02-23 00:00:00+00:00,3161432,2233589,427373
2021-02-24 00:00:00+00:00,3170644,2237542,428294
2021-02-25 00:00:00+00:00,3180212,2241225,429370
2021-02-26 00:00:00+00:00,3188553,2244792,430424
2021-02-27 00:00:00+00:00,3188553,2248135,431637
2021-02-28 00:00:00+00:00,3188553,2251690,432636
2021-03-01 00:00:00+00:00,3204531,2255260,433334
2021-03-02 00:00:00+00:00,3130184,2259599,434222
2021-03-03 00:00:00+00:00,3136321,2262646,435465
2021-03-04 00:00:00+00:00,3142358,2266211,436634
2021-03-05 00:00:00+00:00,3149012,2269582,437782
2021-03-06 00:00:00+00:00,3149012,2273245,438825
2021-03-07 00:00:00+00:00,3149012,2276656,439896
2021-03-08 00:00:00+00:00,3160970,2278861,440496
2021-03-09 00:00:00+00:00,3164982,2282372,441623
2021-03-10 00:00:00+00:00,3172101,2285960,442936
2021-03-11 00:00:00+00:00,3178356,2290539,444253
2021-03-12 00:00:00+00:00,3183704,2294617,445524
2021-03-13 00:00:00+00:00,3183704,2299082,446843
2021-03-14 00:00:00+00:00,3183704,2303144,447830
2021-03-15 00:00:00+00:00,3195062,2305884,448525
2021-03-16 00:00:00+00:00,3200024,2309600,449658
2021-03-17 00:00:00+00:00,3206116,2314154,451191
2021-03-18 00:00:00+00:00,3212332,2319293,452688
2021-03-19 00:00:00+00:00,3212332,2324426,454151
2021-03-20 00:00:00+00:00,3212332,2331187,455667
2021-03-21 00:00:00+00:00,3212332,2337230,456785
2021-03-22 00:00:00+00:00,3228803,2342278,457601
2021-03-23 00:00:00+00:00,3234319,2347224,459101
2021-03-24 00:00:00+00:00,3234319,2353210,461018
2021-03-25 00:00:00+00:00,3247738,2359942,462933
2021-03-26 00:00:00+00:00,3255324,2367337,464958
2021-03-27 00:00:00+00:00,3255324,2375591,467029
2021-03-28 00:00:00+00:00,3255324,2382730,468811
2021-03-29 00:00:00+00:00,3270825,2389779,470156
2021-03-30 00:00:00+00:00,3275819,2397731,472243
2021-03-31 00:00:00+00:00,3284353,2406377,475086
2021-04-01 00:00:00+00:00,3291394,2417826,477691
2021-04-02 00:00:00+00:00,3291394,2428048,480445
2021-04-03 00:00:00+00:00,3300965,2437197,483217
2021-04-04 00:00:00+00:00,3300965,2446219,485684
2021-04-05 00:00:00+00:00,3311325,2456409,487255
2021-04-06 00:00:00+00:00,3317948,2468236,489921
2021-04-07 00:00:00+00:00,3326736,2479617,493369
2021-04-08 00:00:00+00:00,3336637,2492081,496865
2021-04-09 00:00:00+00:00,3347512,2504206,500353
2021-04-10 00:00:00+00:00,3347512,2518715,504118
2021-04-11 00:00:00+00:00,3347512,2536198,506954
2021-04-12 00:00:00+00:00,3370256,2552937,509058
2021-04-13 00:00:00+00:00,3376548,2569314,512510
2021-04-14 00:00:00+00:00,3387022,2585801,516817
2021-04-15 00:00:00+00:00,3396685,2602719,521386
2021-04-16 00:00:00+00:00,3407283,2619422,525910
2021-04-17 00:00:00+00:00,3407283,2636076,530703
2021-04-18 00:00:00+00:00,3407283,2652947,534787
2021-04-19 00:00:00+00:00,3428354,2667136,537690
2021-04-20 00:00:00+00:00,3428354,2684101,542040
2021-04-21 00:00:00+00:00,3446072,2701313,547326
2021-04-22 00:00:00+00:00,3456886,2720619,552818
2021-04-23 00:00:00+00:00,3468617,2740544,557922
2021-04-24 00:00:00+00:00,3468617,2757274,563517
2021-04-25 00:00:00+00:00,3468617,2774464,568116
2021-04-26 00:00:00+00:00,3488469,2787303,571430
2021-04-27 00:00:00+00:00,3496134,2804881,576391
2021-04-28 00:00:00+00:00,3504799,2824626,582174
2021-04-29 00:00:00+00:00,3514942,2841934,588087
2021-04-30 00:00:00+00:00,3524077,2859724,592771
2021-05-01 00:00:00+00:00,3524077,2877746,598754
2021-05-02 00:00:00+00:00,3524077,2893655,604644
2021-05-03 00:00:00+00:00,3540430,2905254,609108
2021-05-04 00:00:00+00:00,3544945,2919805,613298
2021-05-05 00:00:00+00:00,3551262,2934611,617358
2021-05-06 00:00:00+00:00,3559222,2951101,621728
2021-05-07 00:00:00+00:00,3567408,2968626,627778
2021-05-08 00:00:00+00:00,3567408,2985536,635016
2021-05-09 00:00:00+00:00,3567408,3002758,641500
2021-05-10 00:00:00+00:00,3581392,3015301,646440
2021-05-11 00:00:00+00:00,3586333,3031726,652675
2021-05-12 00:00:00+00:00,3592751,3048719,659726
2021-05-13 00:00:00+00:00,3598452,3067879,666600
2021-05-14 00:00:00+00:00,3604799,3084460,672862
2021-05-15 00:00:00+00:00,3604799,3103333,679279
2021-05-16 00:00:00+00:00,3604799,3118426,684535
2021-05-17 00:00:00+00:00,3615860,3131410,688212
2021-05-18 00:00:00+00:00,3619848,3144547,693436
2021-05-19 00:00:00+00:00,3625928,3161126,699227
2021-05-20 00:00:00+00:00,3631661,3177212,704939
2021-05-21 00:00:00+00:00,3636453,3192050,710184
2021-05-22 00:00:00+00:00,3636453,3210787,715219
2021-05-23 00:00:00+00:00,3636453,3232456,719258
2021-05-24 00:00:00+00:00,3647520,3249433,721969
2021-05-25 00:00:00+00:00,3652879,3270614,725861
2021-05-26 00:00:00+00:00,3657886,3294101,730394
2021-05-27 00:00:00+00:00,3663176,3319193,734526
2021-05-28 00:00:00+00:00,3668658,3342567,738229
2021-05-29 00:00:00+00:00,3668658,3363061,741822
2021-05-30 00:00:00+00:00,3668658,3383279,744696
2021-05-31 00:00:00+00:00,3678390,3406456,746487
2021-06-01 00:00:00+00:00,3682778,3432422,749126
2021-06-02 00:00:00+00:00,3687762,3459422,752160
2021-06-03 00:00:00+00:00,3693012,3488046,754991
2021-06-04 00:00:00+00:00,3697981,3518046,757583
2021-06-05 00:00:00+00:00,3697981,3547017,760233
2021-06-06 00:00:00+00:00,3697981,3571067,762253
2021-06-07 00:00:00+00:00,3707523,3593016,763533
2021-06-08 00:00:00+00:00,3711027,3611602,765414
2021-06-09 00:00:00+00:00,3715454,3633481,767652
2021-06-10 00:00:00+00:00,3729458,3665137,769694
2021-06-11 00:00:00+00:00,3733600,3694707,771628
2021-06-12 00:00:00+00:00,3733600,3724705,773569
2021-06-13 00:00:00+00:00,3733600,3753224,774951
2021-06-14 00:00:00+00:00,3741767,3777600,775884
2021-06-15 00:00:00+00:00,3745199,3802052,777301
2021-06-16 00:00:00+00:00,3749031,3829879,779008
2021-06-17 00:00:00+00:00,3753228,3859824,780558
2021-06-18 00:00:00+00:00,3757442,3888614,782178
2021-06-19 00:00:00+00:00,3757442,3917348,783696
2021-06-20 00:00:00+00:00,3757442,3945166,785002
2021-06-21 00:00:00+00:00,3764651,3968405,785870
2021-06-22 00:00:00+00:00,3768691,3997021,787305
2021-06-23 00:00:00+00:00,3773032,4027016,789085
2021-06-24 00:00:00+00:00,3777539,4060013,790759
2021-06-25 00:00:00+00:00,3782463,4092746,792469
2021-06-26 00:00:00+00:00,3782463,4126340,794100
2021-06-27 00:00:00+00:00,3782463,4158716,795382
2021-06-28 00:00:00+00:00,3792642,4187194,796383
2021-06-29 00:00:00+00:00,3799733,4213074,797763
2021-06-30 00:00:00+00:00,3808960,4240982,799583
2021-07-01 00:00:00+00:00,3821305,4269297,801337
2021-07-02 00:00:00+00:00,3833868,4297302,803112
2021-07-03 00:00:00+00:00,3833868,4324230,804990
2021-07-04 00:00:00+00:00,3833868,4350495,806475
2021-07-05 00:00:00+00:00,3866475,4375861,807504
2021-07-06 00:00:00+00:00,3880612,4402582,809172
2021-07-07 00:00:00+00:00,3897996,4426811,811361
2021-07-08 00:00:00+00:00,3915313,4450086,813607
2021-07-09 00:00:00+00:00,3937192,4471622,815883
2021-07-10 00:00:00+00:00,3937192,4492537,818341
2021-07-11 00:00:00+00:00,3937192,4511960,820371
2021-07-12 00:00:00+00:00,3971124,4530610,821876
2021-07-13 00:00:00+00:00,4015084,4548142,824260
2021-07-14 00:00:00+00:00,4041474,4565372,827452
2021-07-15 00:00:00+00:00,4069162,4583442,830870
2021-07-16 00:00:00+00:00,4100222,4601335,834303
2021-07-17 00:00:00+00:00,4100222,4621260,838189
2021-07-18 00:00:00+00:00,4100222,4639466,841290
2021-07-19 00:00:00+00:00,4161850,4655921,843618
2021-07-20 00:00:00+00:00,4189136,4668750,847377
2021-07-21 00:00:00+00:00,4219723,4679994,852326
2021-07-22 00:00:00+00:00,4249258,4692570,857725
2021-07-23 00:00:00+00:00,4280429,4705734,861959
2021-07-24 00:00:00+00:00,4280429,4716798,865553
2021-07-25 00:00:00+00:00,4280429,4727846,870592
2021-07-26 00:00:00+00:00,4342054,4736349,875301
2021-07-27 00:00:00+00:00,4368453,4747775,882971
2021-07-28 00:00:00+00:00,4395602,4757139,892599
2021-07-29 00:00:00+00:00,4422291,4766829,903351
2021-07-30 00:00:00+00:00,4447044,4776291,914182
2021-07-31 00:00:00+00:00,4447044,4785320,926604
2021-08-01 00:00:00+00:00,4447044,4794414,936852
2021-08-02 00:00:00+00:00,4502983,4801050,945330
2021-08-03 00:00:00+00:00,4523310,4807979,957431
2021-08-04 00:00:00+00:00,4545184,4815063,971743
2021-08-05 00:00:00+00:00,4566571,4821603,987060
2021-08-06 00:00:00+00:00,4588132,4828583,1002867
2021-08-07 00:00:00+00:00,4588132,4834634,1018688
2021-08-08 00:00:00+00:00,4588132,4838984,1033214
2021-08-09 00:00:00+00:00,4627770,4843007,1045392
2021-08-10 00:00:00+00:00,4643450,4846955,1056125
2021-08-11 00:00:00+00:00,4660473,4852323,1072153
2021-08-12 00:00:00+00:00,4677883,4856595,1091187
2021-08-13 00:00:00+00:00,4693540,4860622,1111683
2021-08-14 00:00:00+00:00,4693540,4864629,1131986
2021-08-15 00:00:00+00:00,4693540,4867761,1149874
2021-08-16 00:00:00+00:00,4719266,4870922,1164881
2021-08-17 00:00:00+00:00,4733602,4874169,1184986
2021-08-18 00:00:00+00:00,4745558,4877323,1209082
2021-08-19 00:00:00+00:00,4758003,4880516,1234423
2021-08-20 00:00:00+00:00,4770453,4883932,1260415
2021-08-21 00:00:00+00:00,4770453,4886897,1286077
2021-08-22 00:00:00+00:00,4770453,4889537,1308422
2021-08-23 00:00:00+00:00,4794352,4892235,1325346
2021-08-24 00:00:00+00:00,4804424,4894702,1347015
2021-08-25 00:00:00+00:00,4815205,4897150,1371426
2021-08-26 00:00:00+00:00,4822320,4899085,1396464
2021-08-27 00:00:00+00:00,4831809,4901163,1420783
2021-08-28 00:00:00+00:00,4831809,4903304,1443642
2021-08-29 00:00:00+00:00,4831809,4905258,1462979
2021-08-30 00:00:00+00:00,4847298,4907264,1476653
2021-08-31 00:00:00+00:00,4855065,4909086,1494372
2021-09-01 00:00:00+00:00,4861883,4911082,1514400
2021-09-02 00:00:00+00:00,4871444,4913031,1532616
2021-09-03 00:00:00+00:00,4877755,4914881,1549337
2021-09-04 00:00:00+00:00,4877755,4916980,1565351
2021-09-05 00:00:00+00:00,4877755,4918649,1578258
2021-09-06 00:00:00+00:00,4887112,4919773,1586482
2021-09-07 00:00:00+00:00,4892640,4921410,1597089
2021-09-08 00:00:00+00:00,4898258,4923197,1609477
2021-09-09 00:00:00+00:00,4903021,4925000,1619873
2021-09-10 00:00:00+00:00,4907461,4926772,1628732
2021-09-11 00:00:00+00:00,4907461,4928578,1637534
2021-09-12 00:00:00+00:00,4907461,4930249,1644747
2021-09-13 00:00:00+00:00,4915265,4931563,1648920
2021-09-14 00:00:00+00:00,4918526,4932998,1655199
2021-09-15 00:00:00+00:00,4922249,4934568,1662008
2021-09-16 00:00:00+00:00,4926324,4936052,1667699
2021-09-17 00:00:00+00:00,4929546,4937596,1672812
2021-09-18 00:00:00+00:00,4929546,4939251,1677512
2021-09-19 00:00:00+00:00,4929546,4941064,1680908
2021-09-20 00:00:00+00:00,4935534,4942249,1683129
2021-09-21 00:00:00+00:00,4937984,4943622,1684899
2021-09-22 00:00:00+00:00,4940824,4945203,1688142
2021-09-23 00:00:00+00:00,4943855,4946811,1691743
2021-09-24 00:00:00+00:00,4946601,4948513,1693838
2021-09-25 00:00:00+00:00,4946601,4950253,1696508
2021-09-26 00:00:00+00:00,4946601,4951675,1698644
2021-09-27 00:00:00+00:00,4951640,4952690,1699792
2021-09-28 00:00:00+00:00,4953930,4954376,1701514
2021-09-29 00:00:00+00:00,4956691,4955848,1703497
2021-09-30 00:00:00+00:00,4959091,4957277,1705072
2021-10-01 00:00:00+00:00,4961128,4959144,1706516
2021-10-02 00:00:00+00:00,4961128,4960641,1707759
2021-10-03 00:00:00+00:00,4961128,4962054,1708726
2021-10-04 00:00:00+00:00,4965399,4963243,1709325
2021-10-05 00:00:00+00:00,4967200,4964454,1710304
2021-10-06 00:00:00+00:00,4969503,4965847,1711429
2021-10-07 00:00:00+00:00,4971310,4967524,1712401
2021-10-08 00:00:00+00:00,4973619,4969131,1713228
2021-10-09 00:00:00+00:00,4973619,4970718,1714002
2021-10-10 00:00:00+00:00,4973619,4972236,1714555
2021-10-11 00:00:00+00:00,4977448,4973325,1714924
2021-10-12 00:00:00+00:00,4977448,4974400,1715531
2021-10-13 00:00:00+00:00,4980206,4975656,1716262
2021-10-14 00:00:00+00:00,4982138,4977043,1716879
2021-10-15 00:00:00+00:00,4984386,4978689,1717396
2021-10-16 00:00:00+00:00,4984386,4980233,1717896
2021-10-17 00:00:00+00:00,4984386,4981532,1718324
2021-10-18 00:00:00+00:00,4988878,4982575,1718554
2021-10-19 00:00:00+00:00,4990767,4983527,1718925
2021-10-20 00:00:00+00:00,4993295,4984751,1719313
2021-10-21 00:00:00+00:00,4995176,4986249,1719656
2021-10-22 00:00:00+00:00,4997732,4988021,1719980
2021-10-23 00:00:00+00:00,4997732,4989681,1720263
2021-10-24 00:00:00+00:00,4997732,4991050,1720495
2021-10-25 00:00:00+00:00,5002217,4992586,1720646
2021-10-26 00:00:00+00:00,5004143,4994014,1720956
2021-10-27 00:00:00+00:00,5006675,4995694,1721266
2021-10-28 00:00:00+00:00,5008887,4997444,1721539
2021-10-29 00:00:00+00:00,5011148,4999048,1721831
2021-10-30 00:00:00+00:00,5011148,5000677,1722115
2021-10-31 00:00:00+00:00,5011148,5002387,1722343
2021-11-01 00:00:00+00:00,5011148,5003977,1722427
2021-11-02 00:00:00+00:00,5016968,5005402,1722648
2021-11-03 00:00:00+00:00,5019255,5007099,1722912
2021-11-04 00:00:00+00:00,5022546,5009007,1723070
2021-11-05 00:00:00+00:00,5025639,5010982,1723295
2021-11-06 00:00:00+00:00,5025639,5012981,1723525
2021-11-07 00:00:00+00:00,5025639,5015042,1723682
2021-11-08 00:00:00+00:00,5032056,5016959,1723782
2021-11-09 00:00:00+00:00,5032056,5019158,1723976
2021-11-10 00:00:00+00:00,5038517,5021619,1724172
2021-11-11 00:00:00+00:00,5042803,5024263,1724379
2021-11-12 00:00:00+00:00,5047156,5026822,1724573
2021-11-13 00:00:00+00:00,5047156,5029335,1724767
2021-11-14 00:00:00+00:00,5047156,5031945,1724893
2021-11-15 00:00:00+00:00,5056954,5034266,1724967
2021-11-16 00:00:00+00:00,5061045,5036287,1725111
2021-11-17 00:00:00+00:00,5067712,5038544,1725310
2021-11-18 00:00:00+00:00,5074027,5040665,1725458
2021-11-19 00:00:00+00:00,5080663,5042822,1725611
2021-11-20 00:00:00+00:00,5080663,5045412,1725715
2021-11-21 00:00:00+00:00,5080663,5048061,1725850
2021-11-22 00:00:00+00:00,5096538,5050255,1725894
2021-11-23 00:00:00+00:00,5103315,5052733,1726001
2021-11-24 00:00:00+00:00,5111842,5055253,1726074
2021-11-25 00:00:00+00:00,5121100,5057897,1726186
2021-11-26 00:00:00+00:00,5131012,5060557,1726299
2021-11-27 00:00:00+00:00,5131012,5063177,1726419
2021-11-28 00:00:00+00:00,5131012,5065373,1726479
2021-11-29 00:00:00+00:00,5153923,5067348,1726555
2021-11-30 00:00:00+00:00,5164184,5069644,1726636
2021-12-01 00:00:00+00:00,5174720,5071817,1726751
2021-12-02 00:00:00+00:00,5189220,5074079,1726864
2021-12-03 00:00:00+00:00,5202958,5076378,1727005
2021-12-04 00:00:00+00:00,5202958,5078987,1727125
2021-12-05 00:00:00+00:00,5202958,5081064,1727229
2021-12-06 00:00:00+00:00,5202958,5082762,1727283
2021-12-07 00:00:00+00:00,5246766,5084466,1727382
2021-12-08 00:00:00+00:00,5246766,5086381,1727504
2021-12-09 00:00:00+00:00,5273178,5088008,1727658
2021-12-10 00:00:00+00:00,5290273,5089695,1727794
2021-12-11 00:00:00+00:00,5290190,5091508,1727925
2021-12-12 00:00:00+00:00,5290190,5093534,1728023
2021-12-13 00:00:00+00:00,5339992,5095821,1728090
2021-12-14 00:00:00+00:00,5366128,5097680,1728218
2021-12-15 00:00:00+00:00,5393268,5099746,1728377
2021-12-16 00:00:00+00:00,5422168,5101466,1728540
2021-12-17 00:00:00+00:00,5455527,5103269,1728701
2021-12-18 00:00:00+00:00,5455527,5105285,1728880
2021-12-19 00:00:00+00:00,5455527,5107323,1729030
2021-12-20 00:00:00+00:00,5535231,5109022,1729139
2021-12-21 00:00:00+00:00,5585054,5110788,1729357
2021-12-22 00:00:00+00:00,5645095,5112719,1729577
2021-12-23 00:00:00+00:00,5718007,5115194,1729824
2021-12-24 00:00:00+00:00,5718007,5118254,1730084
2021-12-25 00:00:00+00:00,5718007,5121668,1730347
2021-12-26 00:00:00+00:00,5718007,5124690,1730572
2021-12-27 00:00:00+00:00,5932626,5127971,1730735
2021-12-28 00:00:00+00:00,6032297,5132277,1731048
2021-12-29 00:00:00+00:00,6133057,5138603,1731446
2021-12-30 00:00:00+00:00,6294745,5147039,1731878
2021-12-31 00:00:00+00:00,6294745,5157440,1732296
2022-01-01 00:00:00+00:00,6294745,5169855,1732752
2022-01-02 00:00:00+00:00,6294745,5181173,1733229
2022-01-03 00:00:00+00:00,6667511,5191021,1733901
2022-01-04 00:00:00+00:00,6785286,5203374,1735050
2022-01-05 00:00:00+00:00,6922466,5219633,1737540
2022-01-06 00:00:00+00:00,6922466,5242672,1741837
2022-01-07 00:00:00+00:00,7164906,5268862,1747907
2022-01-08 00:00:00+00:00,7164906,5300032,1756209
2022-01-09 00:00:00+00:00,7164906,5330662,1764280
2022-01-10 00:00:00+00:00,7457300,5357767,1770545
2022-01-11 00:00:00+00:00,7592242,5380841,1776780
2022-01-12 00:00:00+00:00,7771367,5410698,1789824
2022-01-13 00:00:00+00:00,7930528,5440981,1808501
2022-01-14 00:00:00+00:00,8093036,5475904,1830381
2022-01-15 00:00:00+00:00,8093036,5511479,1856002
2022-01-16 00:00:00+00:00,8093036,5543796,1881481
2022-01-17 00:00:00+00:00,8424503,5568068,1902304
2022-01-18 00:00:00+00:00,8518975,5596917,1934391
2022-01-19 00:00:00+00:00,8676916,5624520,1975761
2022-01-20 00:00:00+00:00,8834363,5655026,2021758
2022-01-21 00:00:00+00:00,8975458,5686065,2071471
2022-01-22 00:00:00+00:00,8975458,5714092,2125882
2022-01-23 00:00:00+00:00,8975458,5740179,2175719
2022-01-24 00:00:00+00:00,9280890,5761398,2220382
2022-01-25 00:00:00+00:00,9395767,5780910,2282871
2022-01-26 00:00:00+00:00,9529320,5798799,2354358
2022-01-27 00:00:00+00:00,9660208,5816462,2433094
2022-01-28 00:00:00+00:00,9779130,5837408,2514804
2022-01-29 00:00:00+00:00,9779130,5855858,2599599
2022-01-30 00:00:00+00:00,9779130,5871977,2677602
2022-01-31 00:00:00+00:00,9961253,5887261,2738460
2022-02-01 00:00:00+00:00,10039126,5901715,2820053
2022-02-02 00:00:00+00:00,10125348,5916825,2914824
2022-02-03 00:00:00+00:00,10199716,5930393,3019169
2022-02-04 00:00:00+00:00,10199716,5943783,3117346
2022-02-05 00:00:00+00:00,10199716,5956350,3219621
2022-02-06 00:00:00+00:00,10199716,5966706,3309439
2022-02-07 00:00:00+00:00,10395471,5975786,3377378
2022-02-08 00:00:00+00:00,10439302,5985516,3478462
2022-02-09 00:00:00+00:00,10502141,5994301,3576261
2022-02-10 00:00:00+00:00,10555196,6002570,3675865
2022-02-11 00:00:00+00:00,10604200,6007991,3774164
2022-02-12 00:00:00+00:00,10604200,6014563,3842551
2022-02-13 00:00:00+00:00,10604200,6020095,3919931
2022-02-14 00:00:00+00:00,10672906,6023257,3979984
2022-02-15 00:00:00+00:00,10707286,6026988,4064142
2022-02-16 00:00:00+00:00,10744394,6031130,4155027
2022-02-17 00:00:00+00:00,10778607,6035143,4250142
2022-02-18 00:00:00+00:00,10809222,6039163,4337780
2022-02-19 00:00:00+00:00,10809222,6043661,4419254
2022-02-20 00:00:00+00:00,10809222,6047042,4490748
2022-02-21 00:00:00+00:00,10858000,6049952,4542657
2022-02-22 00:00:00+00:00,10880193,6052126,4612104
2022-02-23 00:00:00+00:00,10914105,6054307,4692406
2022-02-24 00:00:00+00:00,10949997,6056556,4753558
2022-02-25 00:00:00+00:00,10977524,6058715,4819151
2022-02-26 00:00:00+00:00,10977524,6060793,4891242
2022-02-27 00:00:00+00:00,10977524,6062701,4954865
2022-02-28 00:00:00+00:00,10977524,6064583,5005881
2022-03-01 00:00:00+00:00,11036085,6065801,5071249
2022-03-02 00:00:00+00:00,11054888,6067023,5143818
2022-03-03 00:00:00+00:00,11078028,6068074,5214086
2022-03-04 00:00:00+00:00,11100428,6069425,5277655
2022-03-05 00:00:00+00:00,11100428,6070616,5341246
2022-03-06 00:00:00+00:00,11100428,6071704,5395143
2022-03-07 00:00:00+00:00,11136425,6072656,5432145
2022-03-08 00:00:00+00:00,11159574,6073416,5486083
2022-03-09 00:00:00+00:00,11181510,6074155,5549755
2022-03-10 00:00:00+00:00,11204125,6074874,5610818
2022-03-11 00:00:00+00:00,11223974,6075656,5666630
2022-03-12 00:00:00+00:00,11223974,6076333,5721856
2022-03-13 00:00:00+00:00,11223974,6076819,5772715
2022-03-14 00:00:00+00:00,11223974,6077288,5805074
2022-03-15 00:00:00+00:00,11260040,6077861,5855769
2022-03-16 00:00:00+00:00,11260040,6078487,5913591
2022-03-17 00:00:00+00:00,11260040,6079231,5967069
2022-03-18 00:00:00+00:00,11324637,6079896,6016178
2022-03-19 00:00:00+00:00,11324637,6080589,6060771
2022-03-20 00:00:00+00:00,11324637,6081131,6100331
2022-03-21 00:00:00+00:00,11324637,6081639,6127897
2022-03-22 00:00:00+00:00,11378784,6081933,6148049
2022-03-23 00:00:00+00:00,11378784,6082226,6188977
2022-03-24 00:00:00+00:00,11378784,6082577,6238527
2022-03-25 00:00:00+00:00,11451676,6082943,6285894
2022-03-26 00:00:00+00:00,11451676,6083291,6333118
2022-03-27 00:00:00+00:00,11451676,6083643,6376338
2022-03-28 00:00:00+00:00,11451676,6083939,6406058
2022-03-29 00:00:00+00:00,11508309,6084240,6450423
2022-03-30 00:00:00+00:00,11508309,6084551,6504032
2022-03-31 00:00:00+00:00,11508309,6084916,6555585
2022-04-01 00:00:00+00:00,11551574,6085270,6604726
2022-04-02 00:00:00+00:00,11551574,6085618,6653421
2022-04-03 00:00:00+00:00,11551574,6085926,6700637
2022-04-04 00:00:00+00:00,11551574,6086233,6730654
2022-04-05 00:00:00+00:00,11578653,6086484,6776236
2022-04-06 00:00:00+00:00,11578653,6086811,6830997
2022-04-07 00:00:00+00:00,11578653,6087123,6885876
2022-04-08 00:00:00+00:00,11627487,6087443,6937720
2022-04-09 00:00:00+00:00,11627487,6087737,6990349
2022-04-10 00:00:00+00:00,11627487,6088034,7039397
2022-04-11 00:00:00+00:00,11627487,6088335,7072493
2022-04-12 00:00:00+00:00,11627487,6088619,7122173
2022-04-13 00:00:00+00:00,11627487,6088912,7179839
2022-04-14 00:00:00+00:00,11627487,6089176,7235040
2022-04-15 00:00:00+00:00,11627487,6089381,7284737
2022-04-16 00:00:00+00:00,11627487,6089540,7332261
2022-04-17 00:00:00+00:00,11627487,6089662,7371466
2022-04-18 00:00:00+00:00,11627487,6089791,7395608
2022-04-19 00:00:00+00:00,11627487,6089998,7436434
